,ID,site,coordinates,depth,country,biome,standard biome,aggregated biome,altitude,mean annual temperature,mean annual percipitation (mm yr^-1),"environment (soil,litter, trees)",aggregated environment,taxon,family,super-family,order,sub-class,class,sub-phylum,phylum,numerical value,standard deviation,units,reference,link (doi),source in text,season,date,remarks,studied group,synthetic coordinates
27,32,"Mediterranean Forests, Woodlands and Scrub",0,0,0,"Mediterranean Forests, Woodlands and Scrub","Mediterranean Forests, Woodlands and Scrub","Mediterranean Forests, Woodlands and Scrub",0,0,0,soil,soil/litter,Isoptera,0,Isoptera,Blattodea,Pterygota,Insecta,Hexapoda,Arthropoda,5300.0,0.0,mg/m^2 (wet weight),sanderson (1996),https://doi.org/10.1029/96GB01893,table 3,0,0,0,Isoptera,
28,33,eucalyptus / acaia,0,0,0,semi-arid woodland,"Mediterranean Forests, Woodlands and Scrub","Mediterranean Forests, Woodlands and Scrub",0,0,0,soil,soil/litter,Isoptera,0,Isoptera,Blattodea,Pterygota,Insecta,Hexapoda,Arthropoda,5300.0,0.0,mg/m^2 (wet weight),sanderson (1996),https://doi.org/10.1029/96GB01893,table 3,0,0,0,Isoptera,
36,41,Danish oak forest,0,0,denmark,temperate deciduous forest,Temperate Broadleaf and Mixed Forests,Temperate Forests,0,7.222222,660,litter,soil/litter,Diplopoda,0,0,0,0,Diplopoda,Myriapoda,Arthropoda,433.0,0.0,individuals/m^2,"Gist & Crossley, 1975",http://www.jstor.org/stable/2424109,table 3,0,0,0,,
38,43,Danish beech forest,0,0,denmark,temperate deciduous forest,Temperate Broadleaf and Mixed Forests,Temperate Forests,0,7.222222,660,litter,soil/litter,Diplopoda,0,0,0,0,Diplopoda,Myriapoda,Arthropoda,33.0,0.0,individuals/m^2,"Gist & Crossley, 1975",http://www.jstor.org/stable/2424109,table 3,0,0,0,,
40,45,Danish spruce forest,0,0,denmark,temperate deciduous forest,Temperate Broadleaf and Mixed Forests,Temperate Forests,0,7.222222,660,litter,soil/litter,Diplopoda,0,0,0,0,Diplopoda,Myriapoda,Arthropoda,51.0,0.0,individuals/m^2,"Gist & Crossley, 1975",http://www.jstor.org/stable/2424109,table 3,0,0,0,,
42,47,Japanese beech forest,0,0,japan,temperate deciduous forest,Temperate Broadleaf and Mixed Forests,Temperate Forests,0,0,0,litter,soil/litter,Diplopoda,0,0,0,0,Diplopoda,Myriapoda,Arthropoda,11.0,0.0,individuals/m^2,"Gist & Crossley, 1975",http://www.jstor.org/stable/2424109,table 3,0,0,0,,
158,165,temperate forest,0,0,0,temperate forest,Temperate Broadleaf and Mixed Forests,Temperate Forests,0,0,0,soil,soil/litter,Isoptera,0,Isoptera,Blattodea,Pterygota,Insecta,Hexapoda,Arthropoda,3000.0,0.0,mg/m^2 (wet weight),sanderson (1996),https://doi.org/10.1029/96GB01893,table 3,0,0,0,Isoptera,
414,425,Temperate Forests 1,0,0,0,Temperate Forests,Temperate Forests,Temperate Forests,0,0,0,soil+litter,soil/litter,Formicidae,Formicidae,0,Hymenoptera,Pterygota,Insecta,Hexapoda,Arthropoda,562.0,0.0,mg/m^2 (dry weight),Kaspari and Weiser (2012),https://doi.org/10.1111/j.1600-0587.2011.06971.x,figure 3,0,0,"Tropical and Subtropical Grasslands, Savannas and Shrublands",Formicidae,
1610,1621,Temperate Forests 2,0,0,0,Temperate Forests,Temperate Forests,Temperate Forests,0,0,0,soil+litter,soil/litter,Formicidae,Formicidae,0,Hymenoptera,Pterygota,Insecta,Hexapoda,Arthropoda,24.0,0.0,mg/m^2 (dry weight),Kaspari and Weiser (2012),https://doi.org/10.1111/j.1600-0587.2011.06971.x,figure 3,0,0,"Mediterranean Forests, Woodlands and Scrub",Formicidae,
1612,1623,Temperate Forests 3,0,0,0,Temperate Forests,Temperate Forests,Temperate Forests,0,0,0,soil+litter,soil/litter,Formicidae,Formicidae,0,Hymenoptera,Pterygota,Insecta,Hexapoda,Arthropoda,14.0,0.0,mg/m^2 (dry weight),Kaspari and Weiser (2012),https://doi.org/10.1111/j.1600-0587.2011.06971.x,figure 3,0,0,Temperate Conifer Forests,Formicidae,
1613,1624,Temperate Forests 4,0,0,0,Temperate Forests,Temperate Forests,Temperate Forests,0,0,0,soil+litter,soil/litter,Formicidae,Formicidae,0,Hymenoptera,Pterygota,Insecta,Hexapoda,Arthropoda,17.0,0.0,mg/m^2 (dry weight),Kaspari and Weiser (2012),https://doi.org/10.1111/j.1600-0587.2011.06971.x,figure 3,0,0,Temperate Conifer Forests,Formicidae,
1614,1625,Temperate Forests 5,0,0,0,Temperate Forests,Temperate Forests,Temperate Forests,0,0,0,soil+litter,soil/litter,Formicidae,Formicidae,0,Hymenoptera,Pterygota,Insecta,Hexapoda,Arthropoda,36.0,0.0,mg/m^2 (dry weight),Kaspari and Weiser (2012),https://doi.org/10.1111/j.1600-0587.2011.06971.x,figure 3,0,0,Temperate Conifer Forests,Formicidae,
1616,1627,Temperate Forests 6,0,0,0,Temperate Forests,Temperate Forests,Temperate Forests,0,0,0,soil+litter,soil/litter,Formicidae,Formicidae,0,Hymenoptera,Pterygota,Insecta,Hexapoda,Arthropoda,135.0,0.0,mg/m^2 (dry weight),Kaspari and Weiser (2012),https://doi.org/10.1111/j.1600-0587.2011.06971.x,figure 3,0,0,Temperate Conifer Forests,Formicidae,
1617,1628,Temperate Forests 7,0,0,0,Temperate Forests,Temperate Forests,Temperate Forests,0,0,0,soil+litter,soil/litter,Formicidae,Formicidae,0,Hymenoptera,Pterygota,Insecta,Hexapoda,Arthropoda,175.0,0.0,mg/m^2 (dry weight),Kaspari and Weiser (2012),https://doi.org/10.1111/j.1600-0587.2011.06971.x,figure 3,0,0,Temperate Conifer Forests,Formicidae,
1618,1629,Temperate Forests 8,0,0,0,Temperate Forests,Temperate Forests,Temperate Forests,0,0,0,soil+litter,soil/litter,Formicidae,Formicidae,0,Hymenoptera,Pterygota,Insecta,Hexapoda,Arthropoda,6.0,0.0,mg/m^2 (dry weight),Kaspari and Weiser (2012),https://doi.org/10.1111/j.1600-0587.2011.06971.x,figure 3,0,0,Temperate Conifer Forests,Formicidae,
1619,1630,"savannah / grassland (old world, nonarid)",0,0,0,savannah / grassland,"Temperate Grasslands, Savannas and Shrublands","Temperate Grasslands, Savannas and Shrublands",0,0,0,soil,soil/litter,Isoptera,0,Isoptera,Blattodea,Pterygota,Insecta,Hexapoda,Arthropoda,10600.0,0.0,mg/m^2 (wet weight),sanderson (1996),https://doi.org/10.1029/96GB01893,table 3,0,0,0,Isoptera,
1620,1631,"savannah / grassland (new world, nonarid)",0,0,0,savannah / grassland,"Temperate Grasslands, Savannas and Shrublands","Temperate Grasslands, Savannas and Shrublands",0,0,0,soil,soil/litter,Isoptera,0,Isoptera,Blattodea,Pterygota,Insecta,Hexapoda,Arthropoda,10600.0,0.0,mg/m^2 (wet weight),sanderson (1996),https://doi.org/10.1029/96GB01893,table 3,0,0,0,Isoptera,
1621,1632,temperate grassland / prairie,0,0,0,temperate grassland / prairie,"Temperate Grasslands, Savannas and Shrublands","Temperate Grasslands, Savannas and Shrublands",0,0,0,soil,soil/litter,Isoptera,0,Isoptera,Blattodea,Pterygota,Insecta,Hexapoda,Arthropoda,5200.0,0.0,mg/m^2 (wet weight),sanderson (1996),https://doi.org/10.1029/96GB01893,table 3,0,0,0,Isoptera,
1622,1633,"succulent woods (old world, arid)",0,0,0,succulent woods,Deserts and Xeric Shrublands,Deserts and Xeric Shrublands,0,0,0,soil,soil/litter,Isoptera,0,Isoptera,Blattodea,Pterygota,Insecta,Hexapoda,Arthropoda,980.0,0.0,mg/m^2 (wet weight),sanderson (1996),https://doi.org/10.1029/96GB01893,table 3,0,0,0,Isoptera,
1623,1634,"succulent woods (new world, arid)",0,0,0,succulent woods,Deserts and Xeric Shrublands,Deserts and Xeric Shrublands,0,0,0,soil,soil/litter,Isoptera,0,Isoptera,Blattodea,Pterygota,Insecta,Hexapoda,Arthropoda,980.0,0.0,mg/m^2 (wet weight),sanderson (1996),https://doi.org/10.1029/96GB01893,table 3,0,0,0,Isoptera,
1624,1635,"succulent woods (old world, nonarid)",0,0,0,succulent woods,Deserts and Xeric Shrublands,Deserts and Xeric Shrublands,0,0,0,soil,soil/litter,Isoptera,0,Isoptera,Blattodea,Pterygota,Insecta,Hexapoda,Arthropoda,8430.0,0.0,mg/m^2 (wet weight),sanderson (1996),https://doi.org/10.1029/96GB01893,table 3,0,0,0,Isoptera,
1625,1636,"succulent woods (new world, nonarid)",0,0,0,succulent woods,Deserts and Xeric Shrublands,Deserts and Xeric Shrublands,0,0,0,soil,soil/litter,Isoptera,0,Isoptera,Blattodea,Pterygota,Insecta,Hexapoda,Arthropoda,8430.0,0.0,mg/m^2 (wet weight),sanderson (1996),https://doi.org/10.1029/96GB01893,table 3,0,0,0,Isoptera,
1626,1637,farmland / settlement (old world),0,0,0,Crops,Crops,Crops,0,0,0,soil,soil/litter,Isoptera,0,Isoptera,Blattodea,Pterygota,Insecta,Hexapoda,Arthropoda,5380.0,0.0,mg/m^2 (wet weight),sanderson (1996),https://doi.org/10.1029/96GB01893,table 3,0,0,0,Isoptera,
1627,1638,farmland / settlement (new world),0,0,0,Crops,Crops,Crops,0,0,0,soil,soil/litter,Isoptera,0,Isoptera,Blattodea,Pterygota,Insecta,Hexapoda,Arthropoda,5380.0,0.0,mg/m^2 (wet weight),sanderson (1996),https://doi.org/10.1029/96GB01893,table 3,0,0,0,Isoptera,
1628,1639,patchy woods + crops / grassland (old world),0,0,0,Crops,Crops,Crops,0,0,0,soil,soil/litter,Isoptera,0,Isoptera,Blattodea,Pterygota,Insecta,Hexapoda,Arthropoda,2250.0,0.0,mg/m^2 (wet weight),sanderson (1996),https://doi.org/10.1029/96GB01893,table 3,0,0,0,Isoptera,
1629,1640,patchy woods + crops / grassland (new world),0,0,0,Crops,Crops,Crops,0,0,0,soil,soil/litter,Isoptera,0,Isoptera,Blattodea,Pterygota,Insecta,Hexapoda,Arthropoda,2250.0,0.0,mg/m^2 (wet weight),sanderson (1996),https://doi.org/10.1029/96GB01893,table 3,0,0,0,Isoptera,
1630,1641,Temperate Forests 9,0,0,0,Temperate Forests,Temperate Forests,Temperate Forests,0,0,0,soil+litter,soil/litter,Formicidae,Formicidae,0,Hymenoptera,Pterygota,Insecta,Hexapoda,Arthropoda,26.0,0.0,mg/m^2 (dry weight),Kaspari and Weiser (2012),https://doi.org/10.1111/j.1600-0587.2011.06971.x,figure 3,0,0,Temperate Conifer Forests,Formicidae,
1631,1642,"dry / highland scrub, semidesert",0,0,0,semi-arid desert,Deserts and Xeric Shrublands,Deserts and Xeric Shrublands,0,0,0,soil,soil/litter,Isoptera,0,Isoptera,Blattodea,Pterygota,Insecta,Hexapoda,Arthropoda,2700.0,0.0,mg/m^2 (wet weight),sanderson (1996),https://doi.org/10.1029/96GB01893,table 3,0,0,0,Isoptera,
1664,1675,Temperate Forests 10,0,0,0,Temperate Forests,Temperate Forests,Temperate Forests,0,0,0,soil+litter,soil/litter,Formicidae,Formicidae,0,Hymenoptera,Pterygota,Insecta,Hexapoda,Arthropoda,21.0,0.0,mg/m^2 (dry weight),Kaspari and Weiser (2012),https://doi.org/10.1111/j.1600-0587.2011.06971.x,figure 3,0,0,Temperate Broadleaf and Mixed Forests,Formicidae,
1704,1717,Temperate Forests 11,0,0,0,Temperate Forests,Temperate Forests,Temperate Forests,0,0,0,soil+litter,soil/litter,Formicidae,Formicidae,0,Hymenoptera,Pterygota,Insecta,Hexapoda,Arthropoda,47.0,0.0,mg/m^2 (dry weight),Kaspari and Weiser (2012),https://doi.org/10.1111/j.1600-0587.2011.06971.x,figure 3,0,0,Temperate Broadleaf and Mixed Forests,Formicidae,
1712,1725,Shrubland/Grassland 1,0,0,0,Shrubland/Grassland,Shrubland/Grassland,Shrubland/Grassland,0,0,0,soil+litter,soil/litter,Formicidae,Formicidae,0,Hymenoptera,Pterygota,Insecta,Hexapoda,Arthropoda,26.0,0.0,mg/m^2 (dry weight),Kaspari and Weiser (2012),https://doi.org/10.1111/j.1600-0587.2011.06971.x,figure 3,0,0,Deserts and Xeric Shrublands,Formicidae,
1713,1726,Shrubland/Grassland 2,0,0,0,Shrubland/Grassland,Shrubland/Grassland,Shrubland/Grassland,0,0,0,soil+litter,soil/litter,Formicidae,Formicidae,0,Hymenoptera,Pterygota,Insecta,Hexapoda,Arthropoda,340.0,0.0,mg/m^2 (dry weight),Kaspari and Weiser (2012),https://doi.org/10.1111/j.1600-0587.2011.06971.x,figure 3,0,0,Temperate Conifer Forests,Formicidae,
1714,1727,Shrubland/Grassland 3,0,0,0,Shrubland/Grassland,Shrubland/Grassland,Shrubland/Grassland,0,0,0,soil+litter,soil/litter,Formicidae,Formicidae,0,Hymenoptera,Pterygota,Insecta,Hexapoda,Arthropoda,70.0,0.0,mg/m^2 (dry weight),Kaspari and Weiser (2012),https://doi.org/10.1111/j.1600-0587.2011.06971.x,figure 3,0,0,Deserts and Xeric Shrublands,Formicidae,
1715,1728,Shrubland/Grassland 4,0,0,0,Shrubland/Grassland,Shrubland/Grassland,Shrubland/Grassland,0,0,0,soil+litter,soil/litter,Formicidae,Formicidae,0,Hymenoptera,Pterygota,Insecta,Hexapoda,Arthropoda,24.0,0.0,mg/m^2 (dry weight),Kaspari and Weiser (2012),https://doi.org/10.1111/j.1600-0587.2011.06971.x,figure 3,0,0,Deserts and Xeric Shrublands,Formicidae,
1716,1729,Shrubland/Grassland 5,0,0,0,Shrubland/Grassland,Shrubland/Grassland,Shrubland/Grassland,0,0,0,soil+litter,soil/litter,Formicidae,Formicidae,0,Hymenoptera,Pterygota,Insecta,Hexapoda,Arthropoda,11.0,0.0,mg/m^2 (dry weight),Kaspari and Weiser (2012),https://doi.org/10.1111/j.1600-0587.2011.06971.x,figure 3,0,0,Temperate Conifer Forests,Formicidae,
1717,1730,Shrubland/Grassland 6,0,0,0,Shrubland/Grassland,Shrubland/Grassland,Shrubland/Grassland,0,0,0,soil+litter,soil/litter,Formicidae,Formicidae,0,Hymenoptera,Pterygota,Insecta,Hexapoda,Arthropoda,6.0,0.0,mg/m^2 (dry weight),Kaspari and Weiser (2012),https://doi.org/10.1111/j.1600-0587.2011.06971.x,figure 3,0,0,"Temperate Grasslands, Savannas and Shrublands",Formicidae,
1719,1732,Shrubland/Grassland 7,0,0,0,Shrubland/Grassland,Shrubland/Grassland,Shrubland/Grassland,0,0,0,soil+litter,soil/litter,Formicidae,Formicidae,0,Hymenoptera,Pterygota,Insecta,Hexapoda,Arthropoda,2.0,0.0,mg/m^2 (dry weight),Kaspari and Weiser (2012),https://doi.org/10.1111/j.1600-0587.2011.06971.x,figure 3,0,0,Deserts and Xeric Shrublands,Formicidae,
1720,1733,Shrubland/Grassland 8,0,0,0,Shrubland/Grassland,Shrubland/Grassland,Shrubland/Grassland,0,0,0,soil+litter,soil/litter,Formicidae,Formicidae,0,Hymenoptera,Pterygota,Insecta,Hexapoda,Arthropoda,179.0,0.0,mg/m^2 (dry weight),Kaspari and Weiser (2012),https://doi.org/10.1111/j.1600-0587.2011.06971.x,figure 3,0,0,Temperate Conifer Forests,Formicidae,
1723,1736,Shrubland/Grassland 9,0,0,0,Shrubland/Grassland,Shrubland/Grassland,Shrubland/Grassland,0,0,0,soil+litter,soil/litter,Formicidae,Formicidae,0,Hymenoptera,Pterygota,Insecta,Hexapoda,Arthropoda,528.0,0.0,mg/m^2 (dry weight),Kaspari and Weiser (2012),https://doi.org/10.1111/j.1600-0587.2011.06971.x,figure 3,0,0,Temperate Broadleaf and Mixed Forests,Formicidae,
1724,1737,"Dykes Gap, Coweeta LTER, Georgia",,0,"Georgia, USA",Temperate mixed forest,Temperate Forests,Temperate Forests,0,0,0,soil+litter,soil/litter,Formicidae,Formicidae,0,Hymenoptera,Pterygota,Insecta,Hexapoda,Arthropoda,100.0,0.0,mg/m^2 (dry weight),Kaspari and Weiser (2012),https://doi.org/10.1111/j.1600-0587.2011.06971.x,figure 3,0,0,Temperate Broadleaf and Mixed Forests,Formicidae,
1725,1738,Temperate Forests 12,0,0,0,Temperate Forests,Temperate Forests,Temperate Forests,0,0,0,soil+litter,soil/litter,Formicidae,Formicidae,0,Hymenoptera,Pterygota,Insecta,Hexapoda,Arthropoda,50.0,0.0,mg/m^2 (dry weight),Kaspari and Weiser (2012),https://doi.org/10.1111/j.1600-0587.2011.06971.x,figure 3,0,0,Temperate Broadleaf and Mixed Forests,Formicidae,
1727,1740,Temperate Forests 13,0,0,0,Temperate Forests,Temperate Forests,Temperate Forests,0,0,0,soil+litter,soil/litter,Formicidae,Formicidae,0,Hymenoptera,Pterygota,Insecta,Hexapoda,Arthropoda,132.0,0.0,mg/m^2 (dry weight),Kaspari and Weiser (2012),https://doi.org/10.1111/j.1600-0587.2011.06971.x,figure 3,0,0,Temperate Broadleaf and Mixed Forests,Formicidae,
1728,1741,Temperate Forests 14,0,0,0,Temperate Forests,Temperate Forests,Temperate Forests,0,0,0,soil+litter,soil/litter,Formicidae,Formicidae,0,Hymenoptera,Pterygota,Insecta,Hexapoda,Arthropoda,49.0,0.0,mg/m^2 (dry weight),Kaspari and Weiser (2012),https://doi.org/10.1111/j.1600-0587.2011.06971.x,figure 3,0,0,Temperate Broadleaf and Mixed Forests,Formicidae,
1729,1742,Temperate Forests 15,0,0,0,Temperate Forests,Temperate Forests,Temperate Forests,0,0,0,soil+litter,soil/litter,Formicidae,Formicidae,0,Hymenoptera,Pterygota,Insecta,Hexapoda,Arthropoda,62.0,0.0,mg/m^2 (dry weight),Kaspari and Weiser (2012),https://doi.org/10.1111/j.1600-0587.2011.06971.x,figure 3,0,0,Temperate Broadleaf and Mixed Forests,Formicidae,
1730,1743,Temperate Forests 16,0,0,0,Temperate Forests,Temperate Forests,Temperate Forests,0,0,0,soil+litter,soil/litter,Formicidae,Formicidae,0,Hymenoptera,Pterygota,Insecta,Hexapoda,Arthropoda,54.0,0.0,mg/m^2 (dry weight),Kaspari and Weiser (2012),https://doi.org/10.1111/j.1600-0587.2011.06971.x,figure 3,0,0,Tropical and Subtropical Moist Broadleaf Forests,Formicidae,
1733,1746,Shrubland/Grassland 10,0,0,0,Shrubland/Grassland,Shrubland/Grassland,Shrubland/Grassland,0,0,0,soil+litter,soil/litter,Formicidae,Formicidae,0,Hymenoptera,Pterygota,Insecta,Hexapoda,Arthropoda,81.0,0.0,mg/m^2 (dry weight),Kaspari and Weiser (2012),https://doi.org/10.1111/j.1600-0587.2011.06971.x,figure 3,0,0,Temperate Conifer Forests,Formicidae,
1734,1747,Shrubland/Grassland 11,0,0,0,Shrubland/Grassland,Shrubland/Grassland,Shrubland/Grassland,0,0,0,soil+litter,soil/litter,Formicidae,Formicidae,0,Hymenoptera,Pterygota,Insecta,Hexapoda,Arthropoda,178.0,0.0,mg/m^2 (dry weight),Kaspari and Weiser (2012),https://doi.org/10.1111/j.1600-0587.2011.06971.x,figure 3,0,0,Temperate Conifer Forests,Formicidae,
1737,1750,rain green forest (old world),0,0,0,semi-arid tropical woodland,Tropical and Subtropical Dry Broadleaf Forests,Tropical and Subtropical Forests,0,0,0,soil,soil/litter,Isoptera,0,Isoptera,Blattodea,Pterygota,Insecta,Hexapoda,Arthropoda,8000.0,0.0,mg/m^2 (wet weight),sanderson (1996),https://doi.org/10.1029/96GB01893,table 3,0,0,0,Isoptera,
1738,1751,rain green forest (new world),0,0,0,semi-arid tropical woodland,Tropical and Subtropical Dry Broadleaf Forests,Tropical and Subtropical Forests,0,0,0,soil,soil/litter,Isoptera,0,Isoptera,Blattodea,Pterygota,Insecta,Hexapoda,Arthropoda,8000.0,0.0,mg/m^2 (wet weight),sanderson (1996),https://doi.org/10.1029/96GB01893,table 3,0,0,0,Isoptera,
1739,1752,Shrubland/Grassland 12,0,0,0,Shrubland/Grassland,Shrubland/Grassland,Shrubland/Grassland,0,0,0,soil+litter,soil/litter,Formicidae,Formicidae,0,Hymenoptera,Pterygota,Insecta,Hexapoda,Arthropoda,28.0,0.0,mg/m^2 (dry weight),Kaspari and Weiser (2012),https://doi.org/10.1111/j.1600-0587.2011.06971.x,figure 3,0,0,Temperate Broadleaf and Mixed Forests,Formicidae,
1744,1757,tropical rain forest (old world),0,0,0,tropical rain forest,Tropical and Subtropical Moist Broadleaf Forests,Tropical and Subtropical Forests,0,0,0,soil,soil/litter,Isoptera,0,Isoptera,Blattodea,Pterygota,Insecta,Hexapoda,Arthropoda,11000.0,0.0,mg/m^2 (wet weight),sanderson (1996),https://doi.org/10.1029/96GB01893,table 3,0,0,0,Isoptera,
1745,1758,tropical rain forest (new world),0,0,0,tropical rain forest,Tropical and Subtropical Moist Broadleaf Forests,Tropical and Subtropical Forests,0,0,0,soil,soil/litter,Isoptera,0,Isoptera,Blattodea,Pterygota,Insecta,Hexapoda,Arthropoda,11000.0,0.0,mg/m^2 (wet weight),sanderson (1996),https://doi.org/10.1029/96GB01893,table 3,0,0,0,Isoptera,
1746,1759,tropical montane / seasonal (old world),0,0,0,tropical montane / seasonal forest,Tropical and Subtropical Dry Broadleaf Forests,Tropical and Subtropical Forests,0,0,0,soil,soil/litter,Isoptera,0,Isoptera,Blattodea,Pterygota,Insecta,Hexapoda,Arthropoda,11260.0,0.0,mg/m^2 (wet weight),sanderson (1996),https://doi.org/10.1029/96GB01893,table 3,0,0,0,Isoptera,
1747,1760,tropical montane / seasonal (new world),0,0,0,tropical montane / seasonal forest,Tropical and Subtropical Dry Broadleaf Forests,Tropical and Subtropical Forests,0,0,0,soil,soil/litter,Isoptera,0,Isoptera,Blattodea,Pterygota,Insecta,Hexapoda,Arthropoda,11260.0,0.0,mg/m^2 (wet weight),sanderson (1996),https://doi.org/10.1029/96GB01893,table 3,0,0,0,Isoptera,
1748,1761,"savannah / grassland (old world, arid)",0,0,0,Tropical Grasslands (Savanna),"Tropical and Subtropical Grasslands, Savannas and Shrublands","Tropical and Subtropical Grasslands, Savannas and Shrublands",0,0,0,soil,soil/litter,Isoptera,0,Isoptera,Blattodea,Pterygota,Insecta,Hexapoda,Arthropoda,960.0,0.0,mg/m^2 (wet weight),sanderson (1996),https://doi.org/10.1029/96GB01893,table 3,0,0,0,Isoptera,
1749,1762,"savannah / grassland (new world, arid)",0,0,0,Tropical Grasslands (Savanna),"Tropical and Subtropical Grasslands, Savannas and Shrublands","Tropical and Subtropical Grasslands, Savannas and Shrublands",0,0,0,soil,soil/litter,Isoptera,0,Isoptera,Blattodea,Pterygota,Insecta,Hexapoda,Arthropoda,960.0,0.0,mg/m^2 (wet weight),sanderson (1996),https://doi.org/10.1029/96GB01893,table 3,0,0,0,Isoptera,
1751,1764,Shrubland/Grassland 13,0,0,0,Shrubland/Grassland,Shrubland/Grassland,Shrubland/Grassland,0,0,0,soil+litter,soil/litter,Formicidae,Formicidae,0,Hymenoptera,Pterygota,Insecta,Hexapoda,Arthropoda,39.0,0.0,mg/m^2 (dry weight),Kaspari and Weiser (2012),https://doi.org/10.1111/j.1600-0587.2011.06971.x,figure 3,0,0,Temperate Broadleaf and Mixed Forests,Formicidae,
2322,2438,"""tundra""",0,0,0,tundra,Tundra,Tundra,0,0,0,soil+litter,soil/litter,Diplopoda,0,0,0,0,Diplopoda,Myriapoda,Arthropoda,0.0,0.0,mg/m^2 (dry weight),Petersen and Luxton (1982),http://www.jstor.org/stable/3544689,table 2,0,0,"מייצג ערכים טנטטיביים שמבוססים על פחות מחמש הערכות ביומסה, הערכה שאינה מגובה בנתונים ממשיים",,
2323,2439,"""temperate"" grassland",0,0,0,temperate grassland,"Temperate Grasslands, Savannas and Shrublands","Temperate Grasslands, Savannas and Shrublands",0,0,0,soil+litter,soil/litter,Diplopoda,0,0,0,0,Diplopoda,Myriapoda,Arthropoda,1000.0,0.0,mg/m^2 (dry weight),Petersen and Luxton (1982),http://www.jstor.org/stable/3544689,table 2,0,0,מייצג ערך חציוני של חמש הערכות או יותר של ממוצע הביומסה,,
2324,2440,"""tropical"" grassland",0,0,0,tropical grassland,"Tropical and Subtropical Grasslands, Savannas and Shrublands","Tropical and Subtropical Grasslands, Savannas and Shrublands",0,0,0,soil+litter,soil/litter,Diplopoda,0,0,0,0,Diplopoda,Myriapoda,Arthropoda,10.0,0.0,mg/m^2 (dry weight),Petersen and Luxton (1982),http://www.jstor.org/stable/3544689,table 2,0,0,מייצג ערכים טנטטיביים שמבוססים על פחות מחמש הערכות ביומסה,,
2325,2441,temperate coniferous forest,0,0,0,temperate coniferous forest,Temperate Coniferous Forests,Temperate Forests,0,0,0,soil+litter,soil/litter,Diplopoda,0,0,0,0,Diplopoda,Myriapoda,Arthropoda,50.0,0.0,mg/m^2 (dry weight),Petersen and Luxton (1982),http://www.jstor.org/stable/3544689,table 2,0,0,מייצג ערך חציוני של חמש הערכות או יותר של ממוצע הביומסה,,
2326,2442,temperate coniferous forest (mor),0,0,0,temperate coniferous forest,Temperate Coniferous Forests,Temperate Forests,0,0,0,soil+litter,soil/litter,Diplopoda,0,0,0,0,Diplopoda,Myriapoda,Arthropoda,420.0,0.0,mg/m^2 (dry weight),Petersen and Luxton (1982),http://www.jstor.org/stable/3544689,table 2,0,0,מייצג ערך חציוני של חמש הערכות או יותר של ממוצע הביומסה,,
2327,2443,temperate coniferous forest (mull),0,0,0,temperate coniferous forest,Temperate Coniferous Forests,Temperate Forests,0,0,0,soil+litter,soil/litter,Diplopoda,0,0,0,0,Diplopoda,Myriapoda,Arthropoda,420.0,0.0,mg/m^2 (dry weight),Petersen and Luxton (1982),http://www.jstor.org/stable/3544689,table 2,0,0,מייצג ערך חציוני של חמש הערכות או יותר של ממוצע הביומסה,,
2328,2444,Tropical Forests,0,0,0,Tropical Forests,Tropical and Subtropical Moist Broadleaf Forests,Tropical and Subtropical Forests,0,0,0,soil+litter,soil/litter,Diplopoda,0,0,0,0,Diplopoda,Myriapoda,Arthropoda,20.0,0.0,mg/m^2 (dry weight),Petersen and Luxton (1982),http://www.jstor.org/stable/3544689,table 2,0,0,מייצג ערך חציוני של חמש הערכות או יותר של ממוצע הביומסה,,
2477,2657,Tropical Forests 1,0,0,0,Seasonal tropical forest,Tropical and Subtropical Moist Broadleaf Forests,Tropical and Subtropical Forests,0,0,0,soil+litter,soil/litter,Formicidae,Formicidae,0,Hymenoptera,Pterygota,Insecta,Hexapoda,Arthropoda,24.0,0.0,mg/m^2 (dry weight),Kaspari and Weiser (2012),https://doi.org/10.1111/j.1600-0587.2011.06971.x,figure 3,0,0,Temperate Broadleaf and Mixed Forests,Formicidae,
2478,2658,Tropical Forests 2,0,0,0,Seasonal tropical forest,Tropical and Subtropical Moist Broadleaf Forests,Tropical and Subtropical Forests,0,0,0,soil+litter,soil/litter,Formicidae,Formicidae,0,Hymenoptera,Pterygota,Insecta,Hexapoda,Arthropoda,31.0,0.0,mg/m^2 (dry weight),Kaspari and Weiser (2012),https://doi.org/10.1111/j.1600-0587.2011.06971.x,figure 3,0,0,Temperate Conifer Forests,Formicidae,
2479,2659,Tropical Forests 3,0,0,0,Seasonal tropical forest,Tropical and Subtropical Moist Broadleaf Forests,Tropical and Subtropical Forests,0,0,0,soil+litter,soil/litter,Formicidae,Formicidae,0,Hymenoptera,Pterygota,Insecta,Hexapoda,Arthropoda,38.0,0.0,mg/m^2 (dry weight),Kaspari and Weiser (2012),https://doi.org/10.1111/j.1600-0587.2011.06971.x,figure 3,0,0,Tropical and Subtropical Moist Broadleaf Forests,Formicidae,
2480,2660,Tropical Forests 4,0,0,0,Seasonal tropical forest,Tropical and Subtropical Moist Broadleaf Forests,Tropical and Subtropical Forests,0,0,0,soil+litter,soil/litter,Formicidae,Formicidae,0,Hymenoptera,Pterygota,Insecta,Hexapoda,Arthropoda,27.0,0.0,mg/m^2 (dry weight),Kaspari and Weiser (2012),https://doi.org/10.1111/j.1600-0587.2011.06971.x,figure 3,0,0,Tropical and Subtropical Moist Broadleaf Forests,Formicidae,
2504,2686,Tropical Forests 5,0,0,0,Seasonal tropical forest,Tropical and Subtropical Moist Broadleaf Forests,Tropical and Subtropical Forests,0,0,0,soil+litter,soil/litter,Formicidae,Formicidae,0,Hymenoptera,Pterygota,Insecta,Hexapoda,Arthropoda,36.0,0.0,mg/m^2 (dry weight),Kaspari and Weiser (2012),https://doi.org/10.1111/j.1600-0587.2011.06971.x,figure 3,0,0,Tropical and Subtropical Dry Broadleaf Forests,Formicidae,
